Parent Item ID,Parent Name,Parent Internal ID,Component Item ID,Component Name,Component Internal ID
K008,ข้าวผัดโบราณ,22530,OPT-0004A,ลดเค็ม,42068
K008,ข้าวผัดโบราณ,22530,OPT-0004B,ไม่กระเทียม,42069
K008,ข้าวผัดโบราณ,22530,OPT-0004C,ไม่ใส่น้ำตาล,42070
K008,ข้าวผัดโบราณ,22530,OPT-0004D,ไม่ใส่ซีอิ๊วดำ,42071
K008,ข้าวผัดโบราณ,22530,OPT-0009A,ไม่ใส่พริกไทย,42077
K008,ข้าวผัดโบราณ,22530,OPT-0005A,ไข่ดาวไม่สุก,42168
K008,ข้าวผัดโบราณ,22530,OPT-0005B,ไข่ดาวสุก,42169
K008,ข้าวผัดโบราณ,22530,OPT-0005C,ไข่ดาวสุกกรอบ,42072
K008,ข้าวผัดโบราณ,22530,OPT-0006A,ไม่เอาคะน้า,42073
K008,ข้าวผัดโบราณ,22530,OPT-0006B,ไม่เอาหอมใหญ่,42268
K008,ข้าวผัดโบราณ,22530,OPT-0006C,ไม่เอามะเขือเทศ,42074
K013,ข้าวกะเพราไก่คาราเกะ,22535,OPT-0004A,ลดเค็ม,42068
K013,ข้าวกะเพราไก่คาราเกะ,22535,OPT-0004B,ไม่กระเทียม,42069
K013,ข้าวกะเพราไก่คาราเกะ,22535,OPT-0004C,ไม่ใส่น้ำตาล,42070
K013,ข้าวกะเพราไก่คาราเกะ,22535,OPT-0004D,ไม่ใส่ซีอิ๊วดำ,42071
K013,ข้าวกะเพราไก่คาราเกะ,22535,OPT-0005A,ไข่ดาวไม่สุก,42168
K013,ข้าวกะเพราไก่คาราเกะ,22535,OPT-0005B,ไข่ดาวสุก,42169
K013,ข้าวกะเพราไก่คาราเกะ,22535,OPT-0005C,ไข่ดาวสุกกรอบ,42072
K013,ข้าวกะเพราไก่คาราเกะ,22535,OPT-0006D,ข้าวน้อย,42075
K013,ข้าวกะเพราไก่คาราเกะ,22535,OPT-0007A,ไม่ใส่กะเพรา,42076
K014,มาม่าผัดกะเพราไก่,22536,OPT-0004A,ลดเค็ม,42068
K014,มาม่าผัดกะเพราไก่,22536,OPT-0004B,ไม่กระเทียม,42069
K014,มาม่าผัดกะเพราไก่,22536,OPT-0004C,ไม่ใส่น้ำตาล,42070
K014,มาม่าผัดกะเพราไก่,22536,OPT-0004D,ไม่ใส่ซีอิ๊วดำ,42071
K014,มาม่าผัดกะเพราไก่,22536,OPT-0005A,ไข่ดาวไม่สุก,42168
K014,มาม่าผัดกะเพราไก่,22536,OPT-0005B,ไข่ดาวสุก,42169
K014,มาม่าผัดกะเพราไก่,22536,OPT-0005C,ไข่ดาวสุกกรอบ,42072
K014,มาม่าผัดกะเพราไก่,22536,OPT-0007A,ไม่ใส่กะเพรา,42076
K015,มาม่าต้มยำทรงเครื่อง,22537,OPT-0004A,ลดเค็ม,42068
K015,มาม่าต้มยำทรงเครื่อง,22537,OPT-0004B,ไม่กระเทียม,42069
K015,มาม่าต้มยำทรงเครื่อง,22537,OPT-0004C,ไม่ใส่น้ำตาล,42070
K015,มาม่าต้มยำทรงเครื่อง,22537,OPT-0004D,ไม่ใส่ซีอิ๊วดำ,42071
K015,มาม่าต้มยำทรงเครื่อง,22537,OPT-0005A,ไข่ดาวไม่สุก,42168
K015,มาม่าต้มยำทรงเครื่อง,22537,OPT-0005B,ไข่ดาวสุก,42169
K015,มาม่าต้มยำทรงเครื่อง,22537,OPT-0005C,ไข่ดาวสุกกรอบ,42072
K017,ข้าวผัดอเมริกัน,22539,OPT-0004A,ลดเค็ม,42068
K017,ข้าวผัดอเมริกัน,22539,OPT-0004B,ไม่กระเทียม,42069
K017,ข้าวผัดอเมริกัน,22539,OPT-0004C,ไม่ใส่น้ำตาล,42070
K017,ข้าวผัดอเมริกัน,22539,OPT-0004D,ไม่ใส่ซีอิ๊วดำ,42071
K017,ข้าวผัดอเมริกัน,22539,OPT-0005A,ไข่ดาวไม่สุก,42168
K017,ข้าวผัดอเมริกัน,22539,OPT-0005B,ไข่ดาวสุก,42169
K017,ข้าวผัดอเมริกัน,22539,OPT-0005C,ไข่ดาวสุกกรอบ,42072
K017,ข้าวผัดอเมริกัน,22539,OPT-0006A,ไม่เอาคะน้า,42073
K017,ข้าวผัดอเมริกัน,22539,OPT-0006B,ไม่เอาหอมใหญ่,42268
K017,ข้าวผัดอเมริกัน,22539,OPT-0006C,ไม่เอามะเขือเทศ,42074
K018,แกงจืดเต้าหู้หมูสับ,22540,OPT-0004A,ลดเค็ม,42068
K018,แกงจืดเต้าหู้หมูสับ,22540,OPT-0009A,ไม่ใส่พริกไทย,42077
K019,ต้มยำกุ้ง,22541,OPT-0004A,ลดเค็ม,42068
K023,ไข่ดาว,22545,OPT-0005A,ไข่ดาวไม่สุก,42168
K023,ไข่ดาว,22545,OPT-0005B,ไข่ดาวสุก,42169
K023,ไข่ดาว,22545,OPT-0005C,ไข่ดาวสุกกรอบ,42072
K037,ข้าวกะเพราหมูสับ,22559,OPT-0004A,ลดเค็ม,42068
K037,ข้าวกะเพราหมูสับ,22559,OPT-0004B,ไม่กระเทียม,42069
K037,ข้าวกะเพราหมูสับ,22559,OPT-0004C,ไม่ใส่น้ำตาล,42070
K037,ข้าวกะเพราหมูสับ,22559,OPT-0004D,ไม่ใส่ซีอิ๊วดำ,42071
K037,ข้าวกะเพราหมูสับ,22559,OPT-0005A,ไข่ดาวไม่สุก,42168
K037,ข้าวกะเพราหมูสับ,22559,OPT-0005B,ไข่ดาวสุก,42169
K037,ข้าวกะเพราหมูสับ,22559,OPT-0005C,ไข่ดาวสุกกรอบ,42072
K037,ข้าวกะเพราหมูสับ,22559,OPT-0006D,ข้าวน้อย,42075
K037,ข้าวกะเพราหมูสับ,22559,OPT-0007A,ไม่ใส่กะเพรา,42076
K038,ข้าวกะเพราไก่ชิ้น,22560,OPT-0004A,ลดเค็ม,42068
K038,ข้าวกะเพราไก่ชิ้น,22560,OPT-0004B,ไม่กระเทียม,42069
K038,ข้าวกะเพราไก่ชิ้น,22560,OPT-0004C,ไม่ใส่น้ำตาล,42070
K038,ข้าวกะเพราไก่ชิ้น,22560,OPT-0004D,ไม่ใส่ซีอิ๊วดำ,42071
K038,ข้าวกะเพราไก่ชิ้น,22560,OPT-0005A,ไข่ดาวไม่สุก,42168
K038,ข้าวกะเพราไก่ชิ้น,22560,OPT-0005B,ไข่ดาวสุก,42169
K038,ข้าวกะเพราไก่ชิ้น,22560,OPT-0005C,ไข่ดาวสุกกรอบ,42072
K038,ข้าวกะเพราไก่ชิ้น,22560,OPT-0006D,ข้าวน้อย,42075
K038,ข้าวกะเพราไก่ชิ้น,22560,OPT-0007A,ไม่ใส่กะเพรา,42076
K039,ข้าวไก่กระเทียม,22561,OPT-0004A,ลดเค็ม,42068
K039,ข้าวไก่กระเทียม,22561,OPT-0004C,ไม่ใส่น้ำตาล,42070
K039,ข้าวไก่กระเทียม,22561,OPT-0004D,ไม่ใส่ซีอิ๊วดำ,42071
K039,ข้าวไก่กระเทียม,22561,OPT-0005A,ไข่ดาวไม่สุก,42168
K039,ข้าวไก่กระเทียม,22561,OPT-0005B,ไข่ดาวสุก,42169
K039,ข้าวไก่กระเทียม,22561,OPT-0005C,ไข่ดาวสุกกรอบ,42072
K039,ข้าวไก่กระเทียม,22561,OPT-0006D,ข้าวน้อย,42075
K040,ข้าวหมูกระเทียม,22562,OPT-0004A,ลดเค็ม,42068
K040,ข้าวหมูกระเทียม,22562,OPT-0004C,ไม่ใส่น้ำตาล,42070
K040,ข้าวหมูกระเทียม,22562,OPT-0004D,ไม่ใส่ซีอิ๊วดำ,42071
K040,ข้าวหมูกระเทียม,22562,OPT-0005A,ไข่ดาวไม่สุก,42168
K040,ข้าวหมูกระเทียม,22562,OPT-0005B,ไข่ดาวสุก,42169
K040,ข้าวหมูกระเทียม,22562,OPT-0005C,ไข่ดาวสุกกรอบ,42072
K040,ข้าวหมูกระเทียม,22562,OPT-0006D,ข้าวน้อย,42075
K041,ข้าวไข่ยู่ยี่,22563,OPT-0004A,ลดเค็ม,42068
K041,ข้าวไข่ยู่ยี่,22563,OPT-0004B,ไม่กระเทียม,42069
K041,ข้าวไข่ยู่ยี่,22563,OPT-0004C,ไม่ใส่น้ำตาล,42070
K041,ข้าวไข่ยู่ยี่,22563,OPT-0004D,ไม่ใส่ซีอิ๊วดำ,42071
K041,ข้าวไข่ยู่ยี่,22563,OPT-0009A,ไม่ใส่พริกไทย,42077
K041,ข้าวไข่ยู่ยี่,22563,OPT-0005A,ไข่ดาวไม่สุก,42168
K041,ข้าวไข่ยู่ยี่,22563,OPT-0005B,ไข่ดาวสุก,42169
K041,ข้าวไข่ยู่ยี่,22563,OPT-0005C,ไข่ดาวสุกกรอบ,42072
K041,ข้าวไข่ยู่ยี่,22563,OPT-0006D,ข้าวน้อย,42075
K042,ข้าวกะเพราดิบเถื่อน (เนื้อโคขุน),22564,OPT-0004A,ลดเค็ม,42068
K042,ข้าวกะเพราดิบเถื่อน (เนื้อโคขุน),22564,OPT-0004B,ไม่กระเทียม,42069
K042,ข้าวกะเพราดิบเถื่อน (เนื้อโคขุน),22564,OPT-0004C,ไม่ใส่น้ำตาล,42070
K042,ข้าวกะเพราดิบเถื่อน (เนื้อโคขุน),22564,OPT-0004D,ไม่ใส่ซีอิ๊วดำ,42071
K042,ข้าวกะเพราดิบเถื่อน (เนื้อโคขุน),22564,OPT-0005A,ไข่ดาวไม่สุก,42168
K042,ข้าวกะเพราดิบเถื่อน (เนื้อโคขุน),22564,OPT-0005B,ไข่ดาวสุก,42169
K042,ข้าวกะเพราดิบเถื่อน (เนื้อโคขุน),22564,OPT-0005C,ไข่ดาวสุกกรอบ,42072
K042,ข้าวกะเพราดิบเถื่อน (เนื้อโคขุน),22564,OPT-0006D,ข้าวน้อย,42075
K042,ข้าวกะเพราดิบเถื่อน (เนื้อโคขุน),22564,OPT-0007A,ไม่ใส่กะเพรา,42076
K043,ข้าวกะเพราเทพหมู,22565,OPT-0004A,ลดเค็ม,42068
K043,ข้าวกะเพราเทพหมู,22565,OPT-0004B,ไม่กระเทียม,42069
K043,ข้าวกะเพราเทพหมู,22565,OPT-0004C,ไม่ใส่น้ำตาล,42070
K043,ข้าวกะเพราเทพหมู,22565,OPT-0004D,ไม่ใส่ซีอิ๊วดำ,42071
K043,ข้าวกะเพราเทพหมู,22565,OPT-0005A,ไข่ดาวไม่สุก,42168
K043,ข้าวกะเพราเทพหมู,22565,OPT-0005B,ไข่ดาวสุก,42169
K043,ข้าวกะเพราเทพหมู,22565,OPT-0005C,ไข่ดาวสุกกรอบ,42072
K043,ข้าวกะเพราเทพหมู,22565,OPT-0006D,ข้าวน้อย,42075
K043,ข้าวกะเพราเทพหมู,22565,OPT-0007A,ไม่ใส่กะเพรา,42076
K043,ข้าวกะเพราเทพหมู,22565,OPT-0008A,ไม่เอากุนเชียง,42170
K043,ข้าวกะเพราเทพหมู,22565,OPT-0008B,ไม่เอาหมูยอ,42171
K045,ข้าวกะเพราเป็ดย่าง,22567,OPT-0004A,ลดเค็ม,42068
K045,ข้าวกะเพราเป็ดย่าง,22567,OPT-0004B,ไม่กระเทียม,42069
K045,ข้าวกะเพราเป็ดย่าง,22567,OPT-0004C,ไม่ใส่น้ำตาล,42070
K045,ข้าวกะเพราเป็ดย่าง,22567,OPT-0004D,ไม่ใส่ซีอิ๊วดำ,42071
K045,ข้าวกะเพราเป็ดย่าง,22567,OPT-0005A,ไข่ดาวไม่สุก,42168
K045,ข้าวกะเพราเป็ดย่าง,22567,OPT-0005B,ไข่ดาวสุก,42169
K045,ข้าวกะเพราเป็ดย่าง,22567,OPT-0005C,ไข่ดาวสุกกรอบ,42072
K045,ข้าวกะเพราเป็ดย่าง,22567,OPT-0006D,ข้าวน้อย,42075
K045,ข้าวกะเพราเป็ดย่าง,22567,OPT-0007A,ไม่ใส่กะเพรา,42076
K046,ข้าวไก่ผัดน้ำมันหอย,22568,OPT-0004A,ลดเค็ม,42068
K046,ข้าวไก่ผัดน้ำมันหอย,22568,OPT-0004B,ไม่กระเทียม,42069
K046,ข้าวไก่ผัดน้ำมันหอย,22568,OPT-0004C,ไม่ใส่น้ำตาล,42070
K046,ข้าวไก่ผัดน้ำมันหอย,22568,OPT-0004D,ไม่ใส่ซีอิ๊วดำ,42071
K046,ข้าวไก่ผัดน้ำมันหอย,22568,OPT-0005A,ไข่ดาวไม่สุก,42168
K046,ข้าวไก่ผัดน้ำมันหอย,22568,OPT-0005B,ไข่ดาวสุก,42169
K046,ข้าวไก่ผัดน้ำมันหอย,22568,OPT-0005C,ไข่ดาวสุกกรอบ,42072
K046,ข้าวไก่ผัดน้ำมันหอย,22568,OPT-0006D,ข้าวน้อย,42075
K047,ข้าวหมูผัดน้ำมันหอย,22569,OPT-0004A,ลดเค็ม,42068
K047,ข้าวหมูผัดน้ำมันหอย,22569,OPT-0004B,ไม่กระเทียม,42069
K047,ข้าวหมูผัดน้ำมันหอย,22569,OPT-0004C,ไม่ใส่น้ำตาล,42070
K047,ข้าวหมูผัดน้ำมันหอย,22569,OPT-0004D,ไม่ใส่ซีอิ๊วดำ,42071
K047,ข้าวหมูผัดน้ำมันหอย,22569,OPT-0005A,ไข่ดาวไม่สุก,42168
K047,ข้าวหมูผัดน้ำมันหอย,22569,OPT-0005B,ไข่ดาวสุก,42169
K047,ข้าวหมูผัดน้ำมันหอย,22569,OPT-0005C,ไข่ดาวสุกกรอบ,42072
K047,ข้าวหมูผัดน้ำมันหอย,22569,OPT-0006D,ข้าวน้อย,42075
K062,ผัดไทยหมู,39265,OPT-0004A,ลดเค็ม,42068
K062,ผัดไทยหมู,39265,OPT-0004B,ไม่กระเทียม,42069
K062,ผัดไทยหมู,39265,OPT-0004C,ไม่ใส่น้ำตาล,42070
K062,ผัดไทยหมู,39265,OPT-0004D,ไม่ใส่ซีอิ๊วดำ,42071
K063,ผัดไทยไก่,39266,OPT-0004A,ลดเค็ม,42068
K063,ผัดไทยไก่,39266,OPT-0004B,ไม่กระเทียม,42069
K063,ผัดไทยไก่,39266,OPT-0004C,ไม่ใส่น้ำตาล,42070
K063,ผัดไทยไก่,39266,OPT-0004D,ไม่ใส่ซีอิ๊วดำ,42071
K064,ข้าวกะเพราหมูสับ + ซุปใส,40263,OPT-0004A,ลดเค็ม,42068
K064,ข้าวกะเพราหมูสับ + ซุปใส,40263,OPT-0004B,ไม่กระเทียม,42069
K064,ข้าวกะเพราหมูสับ + ซุปใส,40263,OPT-0004C,ไม่ใส่น้ำตาล,42070
K064,ข้าวกะเพราหมูสับ + ซุปใส,40263,OPT-0004D,ไม่ใส่ซีอิ๊วดำ,42071
K064,ข้าวกะเพราหมูสับ + ซุปใส,40263,OPT-0005A,ไข่ดาวไม่สุก,42168
K064,ข้าวกะเพราหมูสับ + ซุปใส,40263,OPT-0005B,ไข่ดาวสุก,42169
K064,ข้าวกะเพราหมูสับ + ซุปใส,40263,OPT-0005C,ไข่ดาวสุกกรอบ,42072
K064,ข้าวกะเพราหมูสับ + ซุปใส,40263,OPT-0006D,ข้าวน้อย,42075
K064,ข้าวกะเพราหมูสับ + ซุปใส,40263,OPT-0007A,ไม่ใส่กะเพรา,42076
K065,ข้าวกะเพราไก่ + ซุปใส,40363,OPT-0004A,ลดเค็ม,42068
K065,ข้าวกะเพราไก่ + ซุปใส,40363,OPT-0004B,ไม่กระเทียม,42069
K065,ข้าวกะเพราไก่ + ซุปใส,40363,OPT-0004C,ไม่ใส่น้ำตาล,42070
K065,ข้าวกะเพราไก่ + ซุปใส,40363,OPT-0004D,ไม่ใส่ซีอิ๊วดำ,42071
K065,ข้าวกะเพราไก่ + ซุปใส,40363,OPT-0005A,ไข่ดาวไม่สุก,42168
K065,ข้าวกะเพราไก่ + ซุปใส,40363,OPT-0005B,ไข่ดาวสุก,42169
K065,ข้าวกะเพราไก่ + ซุปใส,40363,OPT-0005C,ไข่ดาวสุกกรอบ,42072
K065,ข้าวกะเพราไก่ + ซุปใส,40363,OPT-0006D,ข้าวน้อย,42075
K065,ข้าวกะเพราไก่ + ซุปใส,40363,OPT-0007A,ไม่ใส่กะเพรา,42076
K066,ข้าวไข่ยู่ยี่ + ซุปใส,40463,OPT-0004A,ลดเค็ม,42068
K066,ข้าวไข่ยู่ยี่ + ซุปใส,40463,OPT-0004B,ไม่กระเทียม,42069
K066,ข้าวไข่ยู่ยี่ + ซุปใส,40463,OPT-0004C,ไม่ใส่น้ำตาล,42070
K066,ข้าวไข่ยู่ยี่ + ซุปใส,40463,OPT-0004D,ไม่ใส่ซีอิ๊วดำ,42071
K066,ข้าวไข่ยู่ยี่ + ซุปใส,40463,OPT-0009A,ไม่ใส่พริกไทย,42077
K066,ข้าวไข่ยู่ยี่ + ซุปใส,40463,OPT-0005A,ไข่ดาวไม่สุก,42168
K066,ข้าวไข่ยู่ยี่ + ซุปใส,40463,OPT-0005B,ไข่ดาวสุก,42169
K066,ข้าวไข่ยู่ยี่ + ซุปใส,40463,OPT-0005C,ไข่ดาวสุกกรอบ,42072
K066,ข้าวไข่ยู่ยี่ + ซุปใส,40463,OPT-0006D,ข้าวน้อย,42075
K067,ข้าวไก่กระเทียม + ซุปใส,40364,OPT-0004A,ลดเค็ม,42068
K067,ข้าวไก่กระเทียม + ซุปใส,40364,OPT-0004C,ไม่ใส่น้ำตาล,42070
K067,ข้าวไก่กระเทียม + ซุปใส,40364,OPT-0004D,ไม่ใส่ซีอิ๊วดำ,42071
K067,ข้าวไก่กระเทียม + ซุปใส,40364,OPT-0005A,ไข่ดาวไม่สุก,42168
K067,ข้าวไก่กระเทียม + ซุปใส,40364,OPT-0005B,ไข่ดาวสุก,42169
K067,ข้าวไก่กระเทียม + ซุปใส,40364,OPT-0005C,ไข่ดาวสุกกรอบ,42072
K067,ข้าวไก่กระเทียม + ซุปใส,40364,OPT-0006D,ข้าวน้อย,42075
K068,ข้าวไก่น้ำมันหอย + ซุปใส,40264,OPT-0004A,ลดเค็ม,42068
K068,ข้าวไก่น้ำมันหอย + ซุปใส,40264,OPT-0004B,ไม่กระเทียม,42069
K068,ข้าวไก่น้ำมันหอย + ซุปใส,40264,OPT-0004C,ไม่ใส่น้ำตาล,42070
K068,ข้าวไก่น้ำมันหอย + ซุปใส,40264,OPT-0004D,ไม่ใส่ซีอิ๊วดำ,42071
K068,ข้าวไก่น้ำมันหอย + ซุปใส,40264,OPT-0005A,ไข่ดาวไม่สุก,42168
K068,ข้าวไก่น้ำมันหอย + ซุปใส,40264,OPT-0005B,ไข่ดาวสุก,42169
K068,ข้าวไก่น้ำมันหอย + ซุปใส,40264,OPT-0005C,ไข่ดาวสุกกรอบ,42072
K068,ข้าวไก่น้ำมันหอย + ซุปใส,40264,OPT-0006D,ข้าวน้อย,42075
K069,ข้าวหมูกระเทียม + ซุปใส,40464,OPT-0004A,ลดเค็ม,42068
K069,ข้าวหมูกระเทียม + ซุปใส,40464,OPT-0004C,ไม่ใส่น้ำตาล,42070
K069,ข้าวหมูกระเทียม + ซุปใส,40464,OPT-0004D,ไม่ใส่ซีอิ๊วดำ,42071
K069,ข้าวหมูกระเทียม + ซุปใส,40464,OPT-0005A,ไข่ดาวไม่สุก,42168
K069,ข้าวหมูกระเทียม + ซุปใส,40464,OPT-0005B,ไข่ดาวสุก,42169
K069,ข้าวหมูกระเทียม + ซุปใส,40464,OPT-0005C,ไข่ดาวสุกกรอบ,42072
K069,ข้าวหมูกระเทียม + ซุปใส,40464,OPT-0006D,ข้าวน้อย,42075
K070,ข้าวหมูน้ำมันหอย + ซุปใส,40265,OPT-0004A,ลดเค็ม,42068
K070,ข้าวหมูน้ำมันหอย + ซุปใส,40265,OPT-0004B,ไม่กระเทียม,42069
K070,ข้าวหมูน้ำมันหอย + ซุปใส,40265,OPT-0004C,ไม่ใส่น้ำตาล,42070
K070,ข้าวหมูน้ำมันหอย + ซุปใส,40265,OPT-0004D,ไม่ใส่ซีอิ๊วดำ,42071
K070,ข้าวหมูน้ำมันหอย + ซุปใส,40265,OPT-0005A,ไข่ดาวไม่สุก,42168
K070,ข้าวหมูน้ำมันหอย + ซุปใส,40265,OPT-0005B,ไข่ดาวสุก,42169
K070,ข้าวหมูน้ำมันหอย + ซุปใส,40265,OPT-0005C,ไข่ดาวสุกกรอบ,42072
K070,ข้าวหมูน้ำมันหอย + ซุปใส,40265,OPT-0006D,ข้าวน้อย,42075
K071,ข้าวผัดโบราณ + ซุปใส,40465,OPT-0004A,ลดเค็ม,42068
K071,ข้าวผัดโบราณ + ซุปใส,40465,OPT-0004B,ไม่กระเทียม,42069
K071,ข้าวผัดโบราณ + ซุปใส,40465,OPT-0004C,ไม่ใส่น้ำตาล,42070
K071,ข้าวผัดโบราณ + ซุปใส,40465,OPT-0004D,ไม่ใส่ซีอิ๊วดำ,42071
K071,ข้าวผัดโบราณ + ซุปใส,40465,OPT-0009A,ไม่ใส่พริกไทย,42077
K071,ข้าวผัดโบราณ + ซุปใส,40465,OPT-0005A,ไข่ดาวไม่สุก,42168
K071,ข้าวผัดโบราณ + ซุปใส,40465,OPT-0005B,ไข่ดาวสุก,42169
K071,ข้าวผัดโบราณ + ซุปใส,40465,OPT-0005C,ไข่ดาวสุกกรอบ,42072
K071,ข้าวผัดโบราณ + ซุปใส,40465,OPT-0006A,ไม่เอาคะน้า,42073
K071,ข้าวผัดโบราณ + ซุปใส,40465,OPT-0006B,ไม่เอาหอมใหญ่,42268
K071,ข้าวผัดโบราณ + ซุปใส,40465,OPT-0006C,ไม่เอามะเขือเทศ,42074
K072,ข้าวกะเพราเป็ดย่าง + ซุปใส,40466,OPT-0004A,ลดเค็ม,42068
K072,ข้าวกะเพราเป็ดย่าง + ซุปใส,40466,OPT-0004B,ไม่กระเทียม,42069
K072,ข้าวกะเพราเป็ดย่าง + ซุปใส,40466,OPT-0004C,ไม่ใส่น้ำตาล,42070
K072,ข้าวกะเพราเป็ดย่าง + ซุปใส,40466,OPT-0004D,ไม่ใส่ซีอิ๊วดำ,42071
K072,ข้าวกะเพราเป็ดย่าง + ซุปใส,40466,OPT-0005A,ไข่ดาวไม่สุก,42168
K072,ข้าวกะเพราเป็ดย่าง + ซุปใส,40466,OPT-0005B,ไข่ดาวสุก,42169
K072,ข้าวกะเพราเป็ดย่าง + ซุปใส,40466,OPT-0005C,ไข่ดาวสุกกรอบ,42072
K072,ข้าวกะเพราเป็ดย่าง + ซุปใส,40466,OPT-0006D,ข้าวน้อย,42075
K072,ข้าวกะเพราเป็ดย่าง + ซุปใส,40466,OPT-0007A,ไม่ใส่กะเพรา,42076
K073,ข้าวกะเพราเทพหมู + ซุปใส,40365,OPT-0004A,ลดเค็ม,42068
K073,ข้าวกะเพราเทพหมู + ซุปใส,40365,OPT-0004B,ไม่กระเทียม,42069
K073,ข้าวกะเพราเทพหมู + ซุปใส,40365,OPT-0004C,ไม่ใส่น้ำตาล,42070
K073,ข้าวกะเพราเทพหมู + ซุปใส,40365,OPT-0004D,ไม่ใส่ซีอิ๊วดำ,42071
K073,ข้าวกะเพราเทพหมู + ซุปใส,40365,OPT-0005A,ไข่ดาวไม่สุก,42168
K073,ข้าวกะเพราเทพหมู + ซุปใส,40365,OPT-0005B,ไข่ดาวสุก,42169
K073,ข้าวกะเพราเทพหมู + ซุปใส,40365,OPT-0005C,ไข่ดาวสุกกรอบ,42072
K073,ข้าวกะเพราเทพหมู + ซุปใส,40365,OPT-0006D,ข้าวน้อย,42075
K073,ข้าวกะเพราเทพหมู + ซุปใส,40365,OPT-0007A,ไม่ใส่กะเพรา,42076
K073,ข้าวกะเพราเทพหมู + ซุปใส,40365,OPT-0008A,ไม่เอากุนเชียง,42170
K073,ข้าวกะเพราเทพหมู + ซุปใส,40365,OPT-0008B,ไม่เอาหมูยอ,42171
K074,ข้าวกะเพราไก่คาราอาเกะ + ซุปใส,40366,OPT-0004A,ลดเค็ม,42068
K074,ข้าวกะเพราไก่คาราอาเกะ + ซุปใส,40366,OPT-0004B,ไม่กระเทียม,42069
K074,ข้าวกะเพราไก่คาราอาเกะ + ซุปใส,40366,OPT-0004C,ไม่ใส่น้ำตาล,42070
K074,ข้าวกะเพราไก่คาราอาเกะ + ซุปใส,40366,OPT-0004D,ไม่ใส่ซีอิ๊วดำ,42071
K074,ข้าวกะเพราไก่คาราอาเกะ + ซุปใส,40366,OPT-0005A,ไข่ดาวไม่สุก,42168
K074,ข้าวกะเพราไก่คาราอาเกะ + ซุปใส,40366,OPT-0005B,ไข่ดาวสุก,42169
K074,ข้าวกะเพราไก่คาราอาเกะ + ซุปใส,40366,OPT-0005C,ไข่ดาวสุกกรอบ,42072
K074,ข้าวกะเพราไก่คาราอาเกะ + ซุปใส,40366,OPT-0006D,ข้าวน้อย,42075
K074,ข้าวกะเพราไก่คาราอาเกะ + ซุปใส,40366,OPT-0007A,ไม่ใส่กะเพรา,42076
K075,ข้าวกะเพราดิบเถื่อน + ซุปใส,40467,OPT-0004A,ลดเค็ม,42068
K075,ข้าวกะเพราดิบเถื่อน + ซุปใส,40467,OPT-0004B,ไม่กระเทียม,42069
K075,ข้าวกะเพราดิบเถื่อน + ซุปใส,40467,OPT-0004C,ไม่ใส่น้ำตาล,42070
K075,ข้าวกะเพราดิบเถื่อน + ซุปใส,40467,OPT-0004D,ไม่ใส่ซีอิ๊วดำ,42071
K075,ข้าวกะเพราดิบเถื่อน + ซุปใส,40467,OPT-0005A,ไข่ดาวไม่สุก,42168
K075,ข้าวกะเพราดิบเถื่อน + ซุปใส,40467,OPT-0005B,ไข่ดาวสุก,42169
K075,ข้าวกะเพราดิบเถื่อน + ซุปใส,40467,OPT-0005C,ไข่ดาวสุกกรอบ,42072
K075,ข้าวกะเพราดิบเถื่อน + ซุปใส,40467,OPT-0006D,ข้าวน้อย,42075
K075,ข้าวกะเพราดิบเถื่อน + ซุปใส,40467,OPT-0007A,ไม่ใส่กะเพรา,42076
K077,ข้าวผัดอเมริกัน + ซุปใส,40469,OPT-0004A,ลดเค็ม,42068
K077,ข้าวผัดอเมริกัน + ซุปใส,40469,OPT-0004B,ไม่กระเทียม,42069
K077,ข้าวผัดอเมริกัน + ซุปใส,40469,OPT-0004C,ไม่ใส่น้ำตาล,42070
K077,ข้าวผัดอเมริกัน + ซุปใส,40469,OPT-0004D,ไม่ใส่ซีอิ๊วดำ,42071
K077,ข้าวผัดอเมริกัน + ซุปใส,40469,OPT-0005A,ไข่ดาวไม่สุก,42168
K077,ข้าวผัดอเมริกัน + ซุปใส,40469,OPT-0005B,ไข่ดาวสุก,42169
K077,ข้าวผัดอเมริกัน + ซุปใส,40469,OPT-0005C,ไข่ดาวสุกกรอบ,42072
K077,ข้าวผัดอเมริกัน + ซุปใส,40469,OPT-0006A,ไม่เอาคะน้า,42073
K077,ข้าวผัดอเมริกัน + ซุปใส,40469,OPT-0006B,ไม่เอาหอมใหญ่,42268
K077,ข้าวผัดอเมริกัน + ซุปใส,40469,OPT-0006C,ไม่เอามะเขือเทศ,42074
K078,มาม่าผัดกะเพราไก่ + ซุปใส,40470,OPT-0004A,ลดเค็ม,42068
K078,มาม่าผัดกะเพราไก่ + ซุปใส,40470,OPT-0004B,ไม่กระเทียม,42069
K078,มาม่าผัดกะเพราไก่ + ซุปใส,40470,OPT-0004C,ไม่ใส่น้ำตาล,42070
K078,มาม่าผัดกะเพราไก่ + ซุปใส,40470,OPT-0004D,ไม่ใส่ซีอิ๊วดำ,42071
K078,มาม่าผัดกะเพราไก่ + ซุปใส,40470,OPT-0005A,ไข่ดาวไม่สุก,42168
K078,มาม่าผัดกะเพราไก่ + ซุปใส,40470,OPT-0005B,ไข่ดาวสุก,42169
K078,มาม่าผัดกะเพราไก่ + ซุปใส,40470,OPT-0005C,ไข่ดาวสุกกรอบ,42072
K078,มาม่าผัดกะเพราไก่ + ซุปใส,40470,OPT-0007A,ไม่ใส่กะเพรา,42076
K079,มาม่าต้มยำรวมมิตร + ซุปใส,40367,OPT-0004A,ลดเค็ม,42068
K079,มาม่าต้มยำรวมมิตร + ซุปใส,40367,OPT-0004B,ไม่กระเทียม,42069
K079,มาม่าต้มยำรวมมิตร + ซุปใส,40367,OPT-0004C,ไม่ใส่น้ำตาล,42070
K079,มาม่าต้มยำรวมมิตร + ซุปใส,40367,OPT-0004D,ไม่ใส่ซีอิ๊วดำ,42071
K079,มาม่าต้มยำรวมมิตร + ซุปใส,40367,OPT-0005A,ไข่ดาวไม่สุก,42168
K079,มาม่าต้มยำรวมมิตร + ซุปใส,40367,OPT-0005B,ไข่ดาวสุก,42169
K079,มาม่าต้มยำรวมมิตร + ซุปใส,40367,OPT-0005C,ไข่ดาวสุกกรอบ,42072
K080,ข้าวกะเพราปลาหมึก,41463,OPT-0004A,ลดเค็ม,42068
K080,ข้าวกะเพราปลาหมึก,41463,OPT-0004B,ไม่กระเทียม,42069
K080,ข้าวกะเพราปลาหมึก,41463,OPT-0004C,ไม่ใส่น้ำตาล,42070
K080,ข้าวกะเพราปลาหมึก,41463,OPT-0004D,ไม่ใส่ซีอิ๊วดำ,42071
K080,ข้าวกะเพราปลาหมึก,41463,OPT-0005A,ไข่ดาวไม่สุก,42168
K080,ข้าวกะเพราปลาหมึก,41463,OPT-0005B,ไข่ดาวสุก,42169
K080,ข้าวกะเพราปลาหมึก,41463,OPT-0005C,ไข่ดาวสุกกรอบ,42072
K080,ข้าวกะเพราปลาหมึก,41463,OPT-0006D,ข้าวน้อย,42075
K080,ข้าวกะเพราปลาหมึก,41463,OPT-0007A,ไม่ใส่กะเพรา,42076
K081,ข้าวปลาหมึกกระเทียม,41464,OPT-0004A,ลดเค็ม,42068
K081,ข้าวปลาหมึกกระเทียม,41464,OPT-0004C,ไม่ใส่น้ำตาล,42070
K081,ข้าวปลาหมึกกระเทียม,41464,OPT-0004D,ไม่ใส่ซีอิ๊วดำ,42071
K081,ข้าวปลาหมึกกระเทียม,41464,OPT-0005A,ไข่ดาวไม่สุก,42168
K081,ข้าวปลาหมึกกระเทียม,41464,OPT-0005B,ไข่ดาวสุก,42169
K081,ข้าวปลาหมึกกระเทียม,41464,OPT-0005C,ไข่ดาวสุกกรอบ,42072
K081,ข้าวปลาหมึกกระเทียม,41464,OPT-0006D,ข้าวน้อย,42075
K082,ข้าวกะเพราเครื่องในไก่,41465,OPT-0004A,ลดเค็ม,42068
K082,ข้าวกะเพราเครื่องในไก่,41465,OPT-0004B,ไม่กระเทียม,42069
K082,ข้าวกะเพราเครื่องในไก่,41465,OPT-0004C,ไม่ใส่น้ำตาล,42070
K082,ข้าวกะเพราเครื่องในไก่,41465,OPT-0004D,ไม่ใส่ซีอิ๊วดำ,42071
K082,ข้าวกะเพราเครื่องในไก่,41465,OPT-0005A,ไข่ดาวไม่สุก,42168
K082,ข้าวกะเพราเครื่องในไก่,41465,OPT-0005B,ไข่ดาวสุก,42169
K082,ข้าวกะเพราเครื่องในไก่,41465,OPT-0005C,ไข่ดาวสุกกรอบ,42072
K082,ข้าวกะเพราเครื่องในไก่,41465,OPT-0006D,ข้าวน้อย,42075
K082,ข้าวกะเพราเครื่องในไก่,41465,OPT-0007A,ไม่ใส่กะเพรา,42076
K083,ข้าวเนื้อโคขุนกระเทียม,41466,OPT-0004A,ลดเค็ม,42068
K083,ข้าวเนื้อโคขุนกระเทียม,41466,OPT-0004C,ไม่ใส่น้ำตาล,42070
K083,ข้าวเนื้อโคขุนกระเทียม,41466,OPT-0004D,ไม่ใส่ซีอิ๊วดำ,42071
K083,ข้าวเนื้อโคขุนกระเทียม,41466,OPT-0005A,ไข่ดาวไม่สุก,42168
K083,ข้าวเนื้อโคขุนกระเทียม,41466,OPT-0005B,ไข่ดาวสุก,42169
K083,ข้าวเนื้อโคขุนกระเทียม,41466,OPT-0005C,ไข่ดาวสุกกรอบ,42072
K083,ข้าวเนื้อโคขุนกระเทียม,41466,OPT-0006D,ข้าวน้อย,42075
K083,ข้าวเนื้อโคขุนกระเทียม,41466,OPT-0010A,เนื้อมีเดียม,42078
K083,ข้าวเนื้อโคขุนกระเทียม,41466,OPT-0010B,เนื้อสุกเวลดัน,42079
K084,ข้าวกะเพราคลุกหมู,41467,OPT-0004A,ลดเค็ม,42068
K084,ข้าวกะเพราคลุกหมู,41467,OPT-0004B,ไม่กระเทียม,42069
K084,ข้าวกะเพราคลุกหมู,41467,OPT-0004C,ไม่ใส่น้ำตาล,42070
K084,ข้าวกะเพราคลุกหมู,41467,OPT-0004D,ไม่ใส่ซีอิ๊วดำ,42071
K084,ข้าวกะเพราคลุกหมู,41467,OPT-0005A,ไข่ดาวไม่สุก,42168
K084,ข้าวกะเพราคลุกหมู,41467,OPT-0005B,ไข่ดาวสุก,42169
K084,ข้าวกะเพราคลุกหมู,41467,OPT-0005C,ไข่ดาวสุกกรอบ,42072
K084,ข้าวกะเพราคลุกหมู,41467,OPT-0007A,ไม่ใส่กะเพรา,42076
K085,ข้าวกะเพราคลุกไก่,41468,OPT-0004A,ลดเค็ม,42068
K085,ข้าวกะเพราคลุกไก่,41468,OPT-0004B,ไม่กระเทียม,42069
K085,ข้าวกะเพราคลุกไก่,41468,OPT-0004C,ไม่ใส่น้ำตาล,42070
K085,ข้าวกะเพราคลุกไก่,41468,OPT-0004D,ไม่ใส่ซีอิ๊วดำ,42071
K085,ข้าวกะเพราคลุกไก่,41468,OPT-0005A,ไข่ดาวไม่สุก,42168
K085,ข้าวกะเพราคลุกไก่,41468,OPT-0005B,ไข่ดาวสุก,42169
K085,ข้าวกะเพราคลุกไก่,41468,OPT-0005C,ไข่ดาวสุกกรอบ,42072
K085,ข้าวกะเพราคลุกไก่,41468,OPT-0007A,ไม่ใส่กะเพรา,42076
K086,ข้าวหมูสับกระเทียม,41469,OPT-0004A,ลดเค็ม,42068
K086,ข้าวหมูสับกระเทียม,41469,OPT-0004C,ไม่ใส่น้ำตาล,42070
K086,ข้าวหมูสับกระเทียม,41469,OPT-0004D,ไม่ใส่ซีอิ๊วดำ,42071
K086,ข้าวหมูสับกระเทียม,41469,OPT-0005A,ไข่ดาวไม่สุก,42168
K086,ข้าวหมูสับกระเทียม,41469,OPT-0005B,ไข่ดาวสุก,42169
K086,ข้าวหมูสับกระเทียม,41469,OPT-0005C,ไข่ดาวสุกกรอบ,42072
K086,ข้าวหมูสับกระเทียม,41469,OPT-0006D,ข้าวน้อย,42075
K087,ข้าวไข่ยู่ยี่เทพ,41470,OPT-0004A,ลดเค็ม,42068
K087,ข้าวไข่ยู่ยี่เทพ,41470,OPT-0004B,ไม่กระเทียม,42069
K087,ข้าวไข่ยู่ยี่เทพ,41470,OPT-0004C,ไม่ใส่น้ำตาล,42070
K087,ข้าวไข่ยู่ยี่เทพ,41470,OPT-0004D,ไม่ใส่ซีอิ๊วดำ,42071
K087,ข้าวไข่ยู่ยี่เทพ,41470,OPT-0009A,ไม่ใส่พริกไทย,42077
K087,ข้าวไข่ยู่ยี่เทพ,41470,OPT-0005A,ไข่ดาวไม่สุก,42168
K087,ข้าวไข่ยู่ยี่เทพ,41470,OPT-0005B,ไข่ดาวสุก,42169
K087,ข้าวไข่ยู่ยี่เทพ,41470,OPT-0005C,ไข่ดาวสุกกรอบ,42072
K087,ข้าวไข่ยู่ยี่เทพ,41470,OPT-0006D,ข้าวน้อย,42075
K087,ข้าวไข่ยู่ยี่เทพ,41470,OPT-0008A,ไม่เอากุนเชียง,42170
K087,ข้าวไข่ยู่ยี่เทพ,41470,OPT-0008B,ไม่เอาหมูยอ,42171
K088,ข้าวผัดโบราณเทพ,41471,OPT-0004A,ลดเค็ม,42068
K088,ข้าวผัดโบราณเทพ,41471,OPT-0004B,ไม่กระเทียม,42069
K088,ข้าวผัดโบราณเทพ,41471,OPT-0004C,ไม่ใส่น้ำตาล,42070
K088,ข้าวผัดโบราณเทพ,41471,OPT-0004D,ไม่ใส่ซีอิ๊วดำ,42071
K088,ข้าวผัดโบราณเทพ,41471,OPT-0009A,ไม่ใส่พริกไทย,42077
K088,ข้าวผัดโบราณเทพ,41471,OPT-0005A,ไข่ดาวไม่สุก,42168
K088,ข้าวผัดโบราณเทพ,41471,OPT-0005B,ไข่ดาวสุก,42169
K088,ข้าวผัดโบราณเทพ,41471,OPT-0005C,ไข่ดาวสุกกรอบ,42072
K088,ข้าวผัดโบราณเทพ,41471,OPT-0006A,ไม่เอาคะน้า,42073
K088,ข้าวผัดโบราณเทพ,41471,OPT-0006B,ไม่เอาหอมใหญ่,42268
K088,ข้าวผัดโบราณเทพ,41471,OPT-0006C,ไม่เอามะเขือเทศ,42074
K088,ข้าวผัดโบราณเทพ,41471,OPT-0008A,ไม่เอากุนเชียง,42170
K088,ข้าวผัดโบราณเทพ,41471,OPT-0008B,ไม่เอาหมูยอ,42171
K089,ข้าวกะเพราเทพหมูคลุกข้าว,41472,OPT-0004A,ลดเค็ม,42068
K089,ข้าวกะเพราเทพหมูคลุกข้าว,41472,OPT-0004B,ไม่กระเทียม,42069
K089,ข้าวกะเพราเทพหมูคลุกข้าว,41472,OPT-0004C,ไม่ใส่น้ำตาล,42070
K089,ข้าวกะเพราเทพหมูคลุกข้าว,41472,OPT-0004D,ไม่ใส่ซีอิ๊วดำ,42071
K089,ข้าวกะเพราเทพหมูคลุกข้าว,41472,OPT-0005A,ไข่ดาวไม่สุก,42168
K089,ข้าวกะเพราเทพหมูคลุกข้าว,41472,OPT-0005B,ไข่ดาวสุก,42169
K089,ข้าวกะเพราเทพหมูคลุกข้าว,41472,OPT-0005C,ไข่ดาวสุกกรอบ,42072
K089,ข้าวกะเพราเทพหมูคลุกข้าว,41472,OPT-0007A,ไม่ใส่กะเพรา,42076
K089,ข้าวกะเพราเทพหมูคลุกข้าว,41472,OPT-0008A,ไม่เอากุนเชียง,42170
K089,ข้าวกะเพราเทพหมูคลุกข้าว,41472,OPT-0008B,ไม่เอาหมูยอ,42171
K090,ข้าวกะเพราไก่ซุปเปอร์ (ไก่เบญจา),41473,OPT-0004A,ลดเค็ม,42068
K090,ข้าวกะเพราไก่ซุปเปอร์ (ไก่เบญจา),41473,OPT-0004B,ไม่กระเทียม,42069
K090,ข้าวกะเพราไก่ซุปเปอร์ (ไก่เบญจา),41473,OPT-0004C,ไม่ใส่น้ำตาล,42070
K090,ข้าวกะเพราไก่ซุปเปอร์ (ไก่เบญจา),41473,OPT-0004D,ไม่ใส่ซีอิ๊วดำ,42071
K090,ข้าวกะเพราไก่ซุปเปอร์ (ไก่เบญจา),41473,OPT-0005A,ไข่ดาวไม่สุก,42168
K090,ข้าวกะเพราไก่ซุปเปอร์ (ไก่เบญจา),41473,OPT-0005B,ไข่ดาวสุก,42169
K090,ข้าวกะเพราไก่ซุปเปอร์ (ไก่เบญจา),41473,OPT-0005C,ไข่ดาวสุกกรอบ,42072
K090,ข้าวกะเพราไก่ซุปเปอร์ (ไก่เบญจา),41473,OPT-0006D,ข้าวน้อย,42075
K090,ข้าวกะเพราไก่ซุปเปอร์ (ไก่เบญจา),41473,OPT-0007A,ไม่ใส่กะเพรา,42076
K091,ข้าวกะเพราโคตรเจ้าสมุทร,41474,OPT-0004A,ลดเค็ม,42068
K091,ข้าวกะเพราโคตรเจ้าสมุทร,41474,OPT-0004B,ไม่กระเทียม,42069
K091,ข้าวกะเพราโคตรเจ้าสมุทร,41474,OPT-0004C,ไม่ใส่น้ำตาล,42070
K091,ข้าวกะเพราโคตรเจ้าสมุทร,41474,OPT-0004D,ไม่ใส่ซีอิ๊วดำ,42071
K091,ข้าวกะเพราโคตรเจ้าสมุทร,41474,OPT-0005A,ไข่ดาวไม่สุก,42168
K091,ข้าวกะเพราโคตรเจ้าสมุทร,41474,OPT-0005B,ไข่ดาวสุก,42169
K091,ข้าวกะเพราโคตรเจ้าสมุทร,41474,OPT-0005C,ไข่ดาวสุกกรอบ,42072
K091,ข้าวกะเพราโคตรเจ้าสมุทร,41474,OPT-0006D,ข้าวน้อย,42075
K091,ข้าวกะเพราโคตรเจ้าสมุทร,41474,OPT-0007A,ไม่ใส่กะเพรา,42076
K092,ข้าวคะน้าหมูชิ้น,41475,OPT-0004A,ลดเค็ม,42068
K092,ข้าวคะน้าหมูชิ้น,41475,OPT-0004B,ไม่กระเทียม,42069
K092,ข้าวคะน้าหมูชิ้น,41475,OPT-0004C,ไม่ใส่น้ำตาล,42070
K092,ข้าวคะน้าหมูชิ้น,41475,OPT-0004D,ไม่ใส่ซีอิ๊วดำ,42071
K092,ข้าวคะน้าหมูชิ้น,41475,OPT-0005A,ไข่ดาวไม่สุก,42168
K092,ข้าวคะน้าหมูชิ้น,41475,OPT-0005B,ไข่ดาวสุก,42169
K092,ข้าวคะน้าหมูชิ้น,41475,OPT-0005C,ไข่ดาวสุกกรอบ,42072
K092,ข้าวคะน้าหมูชิ้น,41475,OPT-0006D,ข้าวน้อย,42075
K093,ข้าวผักบุ้งหมูชิ้น,41476,OPT-0004A,ลดเค็ม,42068
K093,ข้าวผักบุ้งหมูชิ้น,41476,OPT-0004B,ไม่กระเทียม,42069
K093,ข้าวผักบุ้งหมูชิ้น,41476,OPT-0004C,ไม่ใส่น้ำตาล,42070
K093,ข้าวผักบุ้งหมูชิ้น,41476,OPT-0004D,ไม่ใส่ซีอิ๊วดำ,42071
K093,ข้าวผักบุ้งหมูชิ้น,41476,OPT-0005A,ไข่ดาวไม่สุก,42168
K093,ข้าวผักบุ้งหมูชิ้น,41476,OPT-0005B,ไข่ดาวสุก,42169
K093,ข้าวผักบุ้งหมูชิ้น,41476,OPT-0005C,ไข่ดาวสุกกรอบ,42072
K093,ข้าวผักบุ้งหมูชิ้น,41476,OPT-0006D,ข้าวน้อย,42075
K094,ข้าวปลาหมึกผัดไข่เค็ม,41477,OPT-0004A,ลดเค็ม,42068
K094,ข้าวปลาหมึกผัดไข่เค็ม,41477,OPT-0004B,ไม่กระเทียม,42069
K094,ข้าวปลาหมึกผัดไข่เค็ม,41477,OPT-0004C,ไม่ใส่น้ำตาล,42070
K094,ข้าวปลาหมึกผัดไข่เค็ม,41477,OPT-0004D,ไม่ใส่ซีอิ๊วดำ,42071
K094,ข้าวปลาหมึกผัดไข่เค็ม,41477,OPT-0005A,ไข่ดาวไม่สุก,42168
K094,ข้าวปลาหมึกผัดไข่เค็ม,41477,OPT-0005B,ไข่ดาวสุก,42169
K094,ข้าวปลาหมึกผัดไข่เค็ม,41477,OPT-0005C,ไข่ดาวสุกกรอบ,42072
K094,ข้าวปลาหมึกผัดไข่เค็ม,41477,OPT-0006D,ข้าวน้อย,42075
K095,ข้าวกะเพราหมูสับไข่แดงเค็ม,41478,OPT-0004A,ลดเค็ม,42068
K095,ข้าวกะเพราหมูสับไข่แดงเค็ม,41478,OPT-0004B,ไม่กระเทียม,42069
K095,ข้าวกะเพราหมูสับไข่แดงเค็ม,41478,OPT-0004C,ไม่ใส่น้ำตาล,42070
K095,ข้าวกะเพราหมูสับไข่แดงเค็ม,41478,OPT-0004D,ไม่ใส่ซีอิ๊วดำ,42071
K095,ข้าวกะเพราหมูสับไข่แดงเค็ม,41478,OPT-0005A,ไข่ดาวไม่สุก,42168
K095,ข้าวกะเพราหมูสับไข่แดงเค็ม,41478,OPT-0005B,ไข่ดาวสุก,42169
K095,ข้าวกะเพราหมูสับไข่แดงเค็ม,41478,OPT-0005C,ไข่ดาวสุกกรอบ,42072
K095,ข้าวกะเพราหมูสับไข่แดงเค็ม,41478,OPT-0006D,ข้าวน้อย,42075
K095,ข้าวกะเพราหมูสับไข่แดงเค็ม,41478,OPT-0007A,ไม่ใส่กะเพรา,42076
K096,(2รัก)ข้าวกะเพราหมูสับหมูยอ+ไก่กระเทียม,41479,OPT-0004A,ลดเค็ม,42068
K096,(2รัก)ข้าวกะเพราหมูสับหมูยอ+ไก่กระเทียม,41479,OPT-0004B,ไม่กระเทียม,42069
K096,(2รัก)ข้าวกะเพราหมูสับหมูยอ+ไก่กระเทียม,41479,OPT-0004C,ไม่ใส่น้ำตาล,42070
K096,(2รัก)ข้าวกะเพราหมูสับหมูยอ+ไก่กระเทียม,41479,OPT-0004D,ไม่ใส่ซีอิ๊วดำ,42071
K096,(2รัก)ข้าวกะเพราหมูสับหมูยอ+ไก่กระเทียม,41479,OPT-0005A,ไข่ดาวไม่สุก,42168
K096,(2รัก)ข้าวกะเพราหมูสับหมูยอ+ไก่กระเทียม,41479,OPT-0005B,ไข่ดาวสุก,42169
K096,(2รัก)ข้าวกะเพราหมูสับหมูยอ+ไก่กระเทียม,41479,OPT-0005C,ไข่ดาวสุกกรอบ,42072
K096,(2รัก)ข้าวกะเพราหมูสับหมูยอ+ไก่กระเทียม,41479,OPT-0006D,ข้าวน้อย,42075
K096,(2รัก)ข้าวกะเพราหมูสับหมูยอ+ไก่กระเทียม,41479,OPT-0007A,ไม่ใส่กะเพรา,42076
K097,(2รัก)ข้าวกะเพราหมูสับ+ไก่กระเทียม,41480,OPT-0004A,ลดเค็ม,42068
K097,(2รัก)ข้าวกะเพราหมูสับ+ไก่กระเทียม,41480,OPT-0004B,ไม่กระเทียม,42069
K097,(2รัก)ข้าวกะเพราหมูสับ+ไก่กระเทียม,41480,OPT-0004C,ไม่ใส่น้ำตาล,42070
K097,(2รัก)ข้าวกะเพราหมูสับ+ไก่กระเทียม,41480,OPT-0004D,ไม่ใส่ซีอิ๊วดำ,42071
K097,(2รัก)ข้าวกะเพราหมูสับ+ไก่กระเทียม,41480,OPT-0005A,ไข่ดาวไม่สุก,42168
K097,(2รัก)ข้าวกะเพราหมูสับ+ไก่กระเทียม,41480,OPT-0005B,ไข่ดาวสุก,42169
K097,(2รัก)ข้าวกะเพราหมูสับ+ไก่กระเทียม,41480,OPT-0005C,ไข่ดาวสุกกรอบ,42072
K097,(2รัก)ข้าวกะเพราหมูสับ+ไก่กระเทียม,41480,OPT-0006D,ข้าวน้อย,42075
K097,(2รัก)ข้าวกะเพราหมูสับ+ไก่กระเทียม,41480,OPT-0007A,ไม่ใส่กะเพรา,42076
K098,(2รัก)ข้าวกะเพราดิบเถื่อน+ไก่กระเทียม,41481,OPT-0004A,ลดเค็ม,42068
K098,(2รัก)ข้าวกะเพราดิบเถื่อน+ไก่กระเทียม,41481,OPT-0004B,ไม่กระเทียม,42069
K098,(2รัก)ข้าวกะเพราดิบเถื่อน+ไก่กระเทียม,41481,OPT-0004C,ไม่ใส่น้ำตาล,42070
K098,(2รัก)ข้าวกะเพราดิบเถื่อน+ไก่กระเทียม,41481,OPT-0004D,ไม่ใส่ซีอิ๊วดำ,42071
K098,(2รัก)ข้าวกะเพราดิบเถื่อน+ไก่กระเทียม,41481,OPT-0005A,ไข่ดาวไม่สุก,42168
K098,(2รัก)ข้าวกะเพราดิบเถื่อน+ไก่กระเทียม,41481,OPT-0005B,ไข่ดาวสุก,42169
K098,(2รัก)ข้าวกะเพราดิบเถื่อน+ไก่กระเทียม,41481,OPT-0005C,ไข่ดาวสุกกรอบ,42072
K098,(2รัก)ข้าวกะเพราดิบเถื่อน+ไก่กระเทียม,41481,OPT-0006D,ข้าวน้อย,42075
K098,(2รัก)ข้าวกะเพราดิบเถื่อน+ไก่กระเทียม,41481,OPT-0007A,ไม่ใส่กะเพรา,42076
K099,ข้าวกะเพราหมูสามชั้นทอด,41482,OPT-0004A,ลดเค็ม,42068
K099,ข้าวกะเพราหมูสามชั้นทอด,41482,OPT-0004B,ไม่กระเทียม,42069
K099,ข้าวกะเพราหมูสามชั้นทอด,41482,OPT-0004C,ไม่ใส่น้ำตาล,42070
K099,ข้าวกะเพราหมูสามชั้นทอด,41482,OPT-0004D,ไม่ใส่ซีอิ๊วดำ,42071
K099,ข้าวกะเพราหมูสามชั้นทอด,41482,OPT-0005A,ไข่ดาวไม่สุก,42168
K099,ข้าวกะเพราหมูสามชั้นทอด,41482,OPT-0005B,ไข่ดาวสุก,42169
K099,ข้าวกะเพราหมูสามชั้นทอด,41482,OPT-0005C,ไข่ดาวสุกกรอบ,42072
K099,ข้าวกะเพราหมูสามชั้นทอด,41482,OPT-0006D,ข้าวน้อย,42075
K099,ข้าวกะเพราหมูสามชั้นทอด,41482,OPT-0007A,ไม่ใส่กะเพรา,42076
K100,ข้าวหมูสามชั้นคั่วพริกเกลือ,41483,OPT-0004A,ลดเค็ม,42068
K100,ข้าวหมูสามชั้นคั่วพริกเกลือ,41483,OPT-0004B,ไม่กระเทียม,42069
K100,ข้าวหมูสามชั้นคั่วพริกเกลือ,41483,OPT-0004C,ไม่ใส่น้ำตาล,42070
K100,ข้าวหมูสามชั้นคั่วพริกเกลือ,41483,OPT-0004D,ไม่ใส่ซีอิ๊วดำ,42071
K100,ข้าวหมูสามชั้นคั่วพริกเกลือ,41483,OPT-0005A,ไข่ดาวไม่สุก,42168
K100,ข้าวหมูสามชั้นคั่วพริกเกลือ,41483,OPT-0005B,ไข่ดาวสุก,42169
K100,ข้าวหมูสามชั้นคั่วพริกเกลือ,41483,OPT-0005C,ไข่ดาวสุกกรอบ,42072
K100,ข้าวหมูสามชั้นคั่วพริกเกลือ,41483,OPT-0006D,ข้าวน้อย,42075
K101,ข้าวไก่ทอด,41484,OPT-0004A,ลดเค็ม,42068
K101,ข้าวไก่ทอด,41484,OPT-0004B,ไม่กระเทียม,42069
K101,ข้าวไก่ทอด,41484,OPT-0004C,ไม่ใส่น้ำตาล,42070
K101,ข้าวไก่ทอด,41484,OPT-0004D,ไม่ใส่ซีอิ๊วดำ,42071
K101,ข้าวไก่ทอด,41484,OPT-0005A,ไข่ดาวไม่สุก,42168
K101,ข้าวไก่ทอด,41484,OPT-0005B,ไข่ดาวสุก,42169
K101,ข้าวไก่ทอด,41484,OPT-0005C,ไข่ดาวสุกกรอบ,42072
K101,ข้าวไก่ทอด,41484,OPT-0006D,ข้าวน้อย,42075
K102,ข้าวกะเพราหมูสับหน่อไม้ดอง,41485,OPT-0004A,ลดเค็ม,42068
K102,ข้าวกะเพราหมูสับหน่อไม้ดอง,41485,OPT-0004B,ไม่กระเทียม,42069
K102,ข้าวกะเพราหมูสับหน่อไม้ดอง,41485,OPT-0004C,ไม่ใส่น้ำตาล,42070
K102,ข้าวกะเพราหมูสับหน่อไม้ดอง,41485,OPT-0004D,ไม่ใส่ซีอิ๊วดำ,42071
K102,ข้าวกะเพราหมูสับหน่อไม้ดอง,41485,OPT-0005A,ไข่ดาวไม่สุก,42168
K102,ข้าวกะเพราหมูสับหน่อไม้ดอง,41485,OPT-0005B,ไข่ดาวสุก,42169
K102,ข้าวกะเพราหมูสับหน่อไม้ดอง,41485,OPT-0005C,ไข่ดาวสุกกรอบ,42072
K102,ข้าวกะเพราหมูสับหน่อไม้ดอง,41485,OPT-0006D,ข้าวน้อย,42075
K102,ข้าวกะเพราหมูสับหน่อไม้ดอง,41485,OPT-0007A,ไม่ใส่กะเพรา,42076
K103,ข้าวกะเพราเทพหมูกรอบ,41486,OPT-0004A,ลดเค็ม,42068
K103,ข้าวกะเพราเทพหมูกรอบ,41486,OPT-0004B,ไม่กระเทียม,42069
K103,ข้าวกะเพราเทพหมูกรอบ,41486,OPT-0004C,ไม่ใส่น้ำตาล,42070
K103,ข้าวกะเพราเทพหมูกรอบ,41486,OPT-0004D,ไม่ใส่ซีอิ๊วดำ,42071
K103,ข้าวกะเพราเทพหมูกรอบ,41486,OPT-0005A,ไข่ดาวไม่สุก,42168
K103,ข้าวกะเพราเทพหมูกรอบ,41486,OPT-0005B,ไข่ดาวสุก,42169
K103,ข้าวกะเพราเทพหมูกรอบ,41486,OPT-0005C,ไข่ดาวสุกกรอบ,42072
K103,ข้าวกะเพราเทพหมูกรอบ,41486,OPT-0006D,ข้าวน้อย,42075
K103,ข้าวกะเพราเทพหมูกรอบ,41486,OPT-0007A,ไม่ใส่กะเพรา,42076
K103,ข้าวกะเพราเทพหมูกรอบ,41486,OPT-0008A,ไม่เอากุนเชียง,42170
K103,ข้าวกะเพราเทพหมูกรอบ,41486,OPT-0008B,ไม่เอาหมูยอ,42171
K104,ข้าวหมูกรอบคั่วพริกเกลือ,41487,OPT-0004A,ลดเค็ม,42068
K104,ข้าวหมูกรอบคั่วพริกเกลือ,41487,OPT-0004B,ไม่กระเทียม,42069
K104,ข้าวหมูกรอบคั่วพริกเกลือ,41487,OPT-0004C,ไม่ใส่น้ำตาล,42070
K104,ข้าวหมูกรอบคั่วพริกเกลือ,41487,OPT-0004D,ไม่ใส่ซีอิ๊วดำ,42071
K104,ข้าวหมูกรอบคั่วพริกเกลือ,41487,OPT-0005A,ไข่ดาวไม่สุก,42168
K104,ข้าวหมูกรอบคั่วพริกเกลือ,41487,OPT-0005B,ไข่ดาวสุก,42169
K104,ข้าวหมูกรอบคั่วพริกเกลือ,41487,OPT-0005C,ไข่ดาวสุกกรอบ,42072
K104,ข้าวหมูกรอบคั่วพริกเกลือ,41487,OPT-0006D,ข้าวน้อย,42075
K105,ข้าวผักบุ้งหมูกรอบ,41488,OPT-0004A,ลดเค็ม,42068
K105,ข้าวผักบุ้งหมูกรอบ,41488,OPT-0004B,ไม่กระเทียม,42069
K105,ข้าวผักบุ้งหมูกรอบ,41488,OPT-0004C,ไม่ใส่น้ำตาล,42070
K105,ข้าวผักบุ้งหมูกรอบ,41488,OPT-0004D,ไม่ใส่ซีอิ๊วดำ,42071
K105,ข้าวผักบุ้งหมูกรอบ,41488,OPT-0005A,ไข่ดาวไม่สุก,42168
K105,ข้าวผักบุ้งหมูกรอบ,41488,OPT-0005B,ไข่ดาวสุก,42169
K105,ข้าวผักบุ้งหมูกรอบ,41488,OPT-0005C,ไข่ดาวสุกกรอบ,42072
K105,ข้าวผักบุ้งหมูกรอบ,41488,OPT-0006D,ข้าวน้อย,42075
K106,ข้าวคะน้าหมูกรอบ,41489,OPT-0004A,ลดเค็ม,42068
K106,ข้าวคะน้าหมูกรอบ,41489,OPT-0004B,ไม่กระเทียม,42069
K106,ข้าวคะน้าหมูกรอบ,41489,OPT-0004C,ไม่ใส่น้ำตาล,42070
K106,ข้าวคะน้าหมูกรอบ,41489,OPT-0004D,ไม่ใส่ซีอิ๊วดำ,42071
K106,ข้าวคะน้าหมูกรอบ,41489,OPT-0005A,ไข่ดาวไม่สุก,42168
K106,ข้าวคะน้าหมูกรอบ,41489,OPT-0005B,ไข่ดาวสุก,42169
K106,ข้าวคะน้าหมูกรอบ,41489,OPT-0005C,ไข่ดาวสุกกรอบ,42072
K106,ข้าวคะน้าหมูกรอบ,41489,OPT-0006D,ข้าวน้อย,42075
K107,ข้าวกะเพราเนื้อ + ไข่เป็ดดาว,41490,OPT-0004A,ลดเค็ม,42068
K107,ข้าวกะเพราเนื้อ + ไข่เป็ดดาว,41490,OPT-0004B,ไม่กระเทียม,42069
K107,ข้าวกะเพราเนื้อ + ไข่เป็ดดาว,41490,OPT-0004C,ไม่ใส่น้ำตาล,42070
K107,ข้าวกะเพราเนื้อ + ไข่เป็ดดาว,41490,OPT-0004D,ไม่ใส่ซีอิ๊วดำ,42071
K107,ข้าวกะเพราเนื้อ + ไข่เป็ดดาว,41490,OPT-0005A,ไข่ดาวไม่สุก,42168
K107,ข้าวกะเพราเนื้อ + ไข่เป็ดดาว,41490,OPT-0005B,ไข่ดาวสุก,42169
K107,ข้าวกะเพราเนื้อ + ไข่เป็ดดาว,41490,OPT-0005C,ไข่ดาวสุกกรอบ,42072
K107,ข้าวกะเพราเนื้อ + ไข่เป็ดดาว,41490,OPT-0006D,ข้าวน้อย,42075
K107,ข้าวกะเพราเนื้อ + ไข่เป็ดดาว,41490,OPT-0007A,ไม่ใส่กะเพรา,42076
K108,ข้าวกะเพราคลุก และเนื้อย่าง + ไข่เป็ดดาว,41491,OPT-0004A,ลดเค็ม,42068
K108,ข้าวกะเพราคลุก และเนื้อย่าง + ไข่เป็ดดาว,41491,OPT-0004B,ไม่กระเทียม,42069
K108,ข้าวกะเพราคลุก และเนื้อย่าง + ไข่เป็ดดาว,41491,OPT-0004C,ไม่ใส่น้ำตาล,42070
K108,ข้าวกะเพราคลุก และเนื้อย่าง + ไข่เป็ดดาว,41491,OPT-0004D,ไม่ใส่ซีอิ๊วดำ,42071
K108,ข้าวกะเพราคลุก และเนื้อย่าง + ไข่เป็ดดาว,41491,OPT-0005A,ไข่ดาวไม่สุก,42168
K108,ข้าวกะเพราคลุก และเนื้อย่าง + ไข่เป็ดดาว,41491,OPT-0005B,ไข่ดาวสุก,42169
K108,ข้าวกะเพราคลุก และเนื้อย่าง + ไข่เป็ดดาว,41491,OPT-0005C,ไข่ดาวสุกกรอบ,42072
K108,ข้าวกะเพราคลุก และเนื้อย่าง + ไข่เป็ดดาว,41491,OPT-0007A,ไม่ใส่กะเพรา,42076
K108,ข้าวกะเพราคลุก และเนื้อย่าง + ไข่เป็ดดาว,41491,OPT-0010A,เนื้อมีเดียม,42078
K108,ข้าวกะเพราคลุก และเนื้อย่าง + ไข่เป็ดดาว,41491,OPT-0010B,เนื้อสุกเวลดัน,42079
K109,ข้าวผัดมันเนื้อ และเนื้อย่าง + ไข่เป็ดดาว,41492,OPT-0004A,ลดเค็ม,42068
K109,ข้าวผัดมันเนื้อ และเนื้อย่าง + ไข่เป็ดดาว,41492,OPT-0004B,ไม่กระเทียม,42069
K109,ข้าวผัดมันเนื้อ และเนื้อย่าง + ไข่เป็ดดาว,41492,OPT-0004C,ไม่ใส่น้ำตาล,42070
K109,ข้าวผัดมันเนื้อ และเนื้อย่าง + ไข่เป็ดดาว,41492,OPT-0004D,ไม่ใส่ซีอิ๊วดำ,42071
K109,ข้าวผัดมันเนื้อ และเนื้อย่าง + ไข่เป็ดดาว,41492,OPT-0009A,ไม่ใส่พริกไทย,42077
K109,ข้าวผัดมันเนื้อ และเนื้อย่าง + ไข่เป็ดดาว,41492,OPT-0005A,ไข่ดาวไม่สุก,42168
K109,ข้าวผัดมันเนื้อ และเนื้อย่าง + ไข่เป็ดดาว,41492,OPT-0005B,ไข่ดาวสุก,42169
K109,ข้าวผัดมันเนื้อ และเนื้อย่าง + ไข่เป็ดดาว,41492,OPT-0005C,ไข่ดาวสุกกรอบ,42072
K109,ข้าวผัดมันเนื้อ และเนื้อย่าง + ไข่เป็ดดาว,41492,OPT-0006A,ไม่เอาคะน้า,42073
K109,ข้าวผัดมันเนื้อ และเนื้อย่าง + ไข่เป็ดดาว,41492,OPT-0006B,ไม่เอาหอมใหญ่,42268
K109,ข้าวผัดมันเนื้อ และเนื้อย่าง + ไข่เป็ดดาว,41492,OPT-0006C,ไม่เอามะเขือเทศ,42074
K109,ข้าวผัดมันเนื้อ และเนื้อย่าง + ไข่เป็ดดาว,41492,OPT-0010A,เนื้อมีเดียม,42078
K109,ข้าวผัดมันเนื้อ และเนื้อย่าง + ไข่เป็ดดาว,41492,OPT-0010B,เนื้อสุกเวลดัน,42079
K110,ก๋วยเตี๋ยวคั่วไก่,41493,OPT-0004A,ลดเค็ม,42068
K110,ก๋วยเตี๋ยวคั่วไก่,41493,OPT-0004B,ไม่กระเทียม,42069
K110,ก๋วยเตี๋ยวคั่วไก่,41493,OPT-0004C,ไม่ใส่น้ำตาล,42070
K110,ก๋วยเตี๋ยวคั่วไก่,41493,OPT-0004D,ไม่ใส่ซีอิ๊วดำ,42071
K110,ก๋วยเตี๋ยวคั่วไก่,41493,OPT-0009A,ไม่ใส่พริกไทย,42077
K111,สุกี้แห้งหมู,41494,OPT-0004A,ลดเค็ม,42068
K111,สุกี้แห้งหมู,41494,OPT-0004B,ไม่กระเทียม,42069
K111,สุกี้แห้งหมู,41494,OPT-0004C,ไม่ใส่น้ำตาล,42070
K111,สุกี้แห้งหมู,41494,OPT-0004D,ไม่ใส่ซีอิ๊วดำ,42071
K112,สุกี้แห้งไก่,41495,OPT-0004A,ลดเค็ม,42068
K112,สุกี้แห้งไก่,41495,OPT-0004B,ไม่กระเทียม,42069
K112,สุกี้แห้งไก่,41495,OPT-0004C,ไม่ใส่น้ำตาล,42070
K112,สุกี้แห้งไก่,41495,OPT-0004D,ไม่ใส่ซีอิ๊วดำ,42071
K113,สุกี้น้ำหมู,41496,OPT-0004A,ลดเค็ม,42068
K113,สุกี้น้ำหมู,41496,OPT-0004B,ไม่กระเทียม,42069
K113,สุกี้น้ำหมู,41496,OPT-0004C,ไม่ใส่น้ำตาล,42070
K113,สุกี้น้ำหมู,41496,OPT-0004D,ไม่ใส่ซีอิ๊วดำ,42071
K114,สุกี้น้ำไก่,41497,OPT-0004A,ลดเค็ม,42068
K114,สุกี้น้ำไก่,41497,OPT-0004B,ไม่กระเทียม,42069
K114,สุกี้น้ำไก่,41497,OPT-0004C,ไม่ใส่น้ำตาล,42070
K114,สุกี้น้ำไก่,41497,OPT-0004D,ไม่ใส่ซีอิ๊วดำ,42071
K115,เส้นใหญ่ผัดขี้เมาหมู,41498,OPT-0004A,ลดเค็ม,42068
K115,เส้นใหญ่ผัดขี้เมาหมู,41498,OPT-0004B,ไม่กระเทียม,42069
K115,เส้นใหญ่ผัดขี้เมาหมู,41498,OPT-0004C,ไม่ใส่น้ำตาล,42070
K115,เส้นใหญ่ผัดขี้เมาหมู,41498,OPT-0004D,ไม่ใส่ซีอิ๊วดำ,42071
K115,เส้นใหญ่ผัดขี้เมาหมู,41498,OPT-0009A,ไม่ใส่พริกไทย,42077
K116,เส้นใหญ่ผัดขี้เมาไก่,41499,OPT-0004A,ลดเค็ม,42068
K116,เส้นใหญ่ผัดขี้เมาไก่,41499,OPT-0004B,ไม่กระเทียม,42069
K116,เส้นใหญ่ผัดขี้เมาไก่,41499,OPT-0004C,ไม่ใส่น้ำตาล,42070
K116,เส้นใหญ่ผัดขี้เมาไก่,41499,OPT-0004D,ไม่ใส่ซีอิ๊วดำ,42071
K116,เส้นใหญ่ผัดขี้เมาไก่,41499,OPT-0009A,ไม่ใส่พริกไทย,42077
K117,ผัดซีอิ๊วหมู,41500,OPT-0004A,ลดเค็ม,42068
K117,ผัดซีอิ๊วหมู,41500,OPT-0004B,ไม่กระเทียม,42069
K117,ผัดซีอิ๊วหมู,41500,OPT-0004C,ไม่ใส่น้ำตาล,42070
K117,ผัดซีอิ๊วหมู,41500,OPT-0004D,ไม่ใส่ซีอิ๊วดำ,42071
K117,ผัดซีอิ๊วหมู,41500,OPT-0009A,ไม่ใส่พริกไทย,42077
K118,ผัดซีอิ๊วไก่,41501,OPT-0004A,ลดเค็ม,42068
K118,ผัดซีอิ๊วไก่,41501,OPT-0004B,ไม่กระเทียม,42069
K118,ผัดซีอิ๊วไก่,41501,OPT-0004C,ไม่ใส่น้ำตาล,42070
K118,ผัดซีอิ๊วไก่,41501,OPT-0004D,ไม่ใส่ซีอิ๊วดำ,42071
K118,ผัดซีอิ๊วไก่,41501,OPT-0009A,ไม่ใส่พริกไทย,42077
K119,มาม่าผัดซีอิ๊วหมู,41502,OPT-0004A,ลดเค็ม,42068
K119,มาม่าผัดซีอิ๊วหมู,41502,OPT-0004B,ไม่กระเทียม,42069
K119,มาม่าผัดซีอิ๊วหมู,41502,OPT-0004C,ไม่ใส่น้ำตาล,42070
K119,มาม่าผัดซีอิ๊วหมู,41502,OPT-0004D,ไม่ใส่ซีอิ๊วดำ,42071
K119,มาม่าผัดซีอิ๊วหมู,41502,OPT-0009A,ไม่ใส่พริกไทย,42077
K120,มาม่าผัดซีอิ๊วไก่,41503,OPT-0004A,ลดเค็ม,42068
K120,มาม่าผัดซีอิ๊วไก่,41503,OPT-0004B,ไม่กระเทียม,42069
K120,มาม่าผัดซีอิ๊วไก่,41503,OPT-0004C,ไม่ใส่น้ำตาล,42070
K120,มาม่าผัดซีอิ๊วไก่,41503,OPT-0004D,ไม่ใส่ซีอิ๊วดำ,42071
K120,มาม่าผัดซีอิ๊วไก่,41503,OPT-0009A,ไม่ใส่พริกไทย,42077
K121,กะเพรามาม่าหมูสามชั้นทอด,41504,OPT-0004A,ลดเค็ม,42068
K121,กะเพรามาม่าหมูสามชั้นทอด,41504,OPT-0004B,ไม่กระเทียม,42069
K121,กะเพรามาม่าหมูสามชั้นทอด,41504,OPT-0004C,ไม่ใส่น้ำตาล,42070
K121,กะเพรามาม่าหมูสามชั้นทอด,41504,OPT-0004D,ไม่ใส่ซีอิ๊วดำ,42071
K121,กะเพรามาม่าหมูสามชั้นทอด,41504,OPT-0005A,ไข่ดาวไม่สุก,42168
K121,กะเพรามาม่าหมูสามชั้นทอด,41504,OPT-0005B,ไข่ดาวสุก,42169
K121,กะเพรามาม่าหมูสามชั้นทอด,41504,OPT-0005C,ไข่ดาวสุกกรอบ,42072
K121,กะเพรามาม่าหมูสามชั้นทอด,41504,OPT-0007A,ไม่ใส่กะเพรา,42076
K122,กะเพราวุ้นเส้นหมูสามชั้นทอด,41505,OPT-0004A,ลดเค็ม,42068
K122,กะเพราวุ้นเส้นหมูสามชั้นทอด,41505,OPT-0004B,ไม่กระเทียม,42069
K122,กะเพราวุ้นเส้นหมูสามชั้นทอด,41505,OPT-0004C,ไม่ใส่น้ำตาล,42070
K122,กะเพราวุ้นเส้นหมูสามชั้นทอด,41505,OPT-0004D,ไม่ใส่ซีอิ๊วดำ,42071
K122,กะเพราวุ้นเส้นหมูสามชั้นทอด,41505,OPT-0005A,ไข่ดาวไม่สุก,42168
K122,กะเพราวุ้นเส้นหมูสามชั้นทอด,41505,OPT-0005B,ไข่ดาวสุก,42169
K122,กะเพราวุ้นเส้นหมูสามชั้นทอด,41505,OPT-0005C,ไข่ดาวสุกกรอบ,42072
K122,กะเพราวุ้นเส้นหมูสามชั้นทอด,41505,OPT-0007A,ไม่ใส่กะเพรา,42076
K123,แกงจืดเกี่ยมฉ่าย,41506,OPT-0004A,ลดเค็ม,42068
K123,แกงจืดเกี่ยมฉ่าย,41506,OPT-0009A,ไม่ใส่พริกไทย,42077
K124,กับข้าวกะเพราหมูสับ,41507,OPT-0004A,ลดเค็ม,42068
K124,กับข้าวกะเพราหมูสับ,41507,OPT-0004B,ไม่กระเทียม,42069
K124,กับข้าวกะเพราหมูสับ,41507,OPT-0004C,ไม่ใส่น้ำตาล,42070
K124,กับข้าวกะเพราหมูสับ,41507,OPT-0004D,ไม่ใส่ซีอิ๊วดำ,42071
K124,กับข้าวกะเพราหมูสับ,41507,OPT-0007A,ไม่ใส่กะเพรา,42076
K125,กับข้าวหมูกระเทียม,41508,OPT-0004A,ลดเค็ม,42068
K125,กับข้าวหมูกระเทียม,41508,OPT-0004C,ไม่ใส่น้ำตาล,42070
K125,กับข้าวหมูกระเทียม,41508,OPT-0004D,ไม่ใส่ซีอิ๊วดำ,42071
K126,กับข้าวไข่ยู่ยี่,41509,OPT-0004A,ลดเค็ม,42068
K126,กับข้าวไข่ยู่ยี่,41509,OPT-0004B,ไม่กระเทียม,42069
K126,กับข้าวไข่ยู่ยี่,41509,OPT-0004C,ไม่ใส่น้ำตาล,42070
K126,กับข้าวไข่ยู่ยี่,41509,OPT-0004D,ไม่ใส่ซีอิ๊วดำ,42071
K126,กับข้าวไข่ยู่ยี่,41509,OPT-0009A,ไม่ใส่พริกไทย,42077
K127,กับข้าวหมูผัดน้ำมันหอย,41510,OPT-0004A,ลดเค็ม,42068
K127,กับข้าวหมูผัดน้ำมันหอย,41510,OPT-0004B,ไม่กระเทียม,42069
K127,กับข้าวหมูผัดน้ำมันหอย,41510,OPT-0004C,ไม่ใส่น้ำตาล,42070
K127,กับข้าวหมูผัดน้ำมันหอย,41510,OPT-0004D,ไม่ใส่ซีอิ๊วดำ,42071
K128,กับข้าวผัดคะน้าหมูชิ้น,41511,OPT-0004A,ลดเค็ม,42068
K128,กับข้าวผัดคะน้าหมูชิ้น,41511,OPT-0004B,ไม่กระเทียม,42069
K128,กับข้าวผัดคะน้าหมูชิ้น,41511,OPT-0004C,ไม่ใส่น้ำตาล,42070
K128,กับข้าวผัดคะน้าหมูชิ้น,41511,OPT-0004D,ไม่ใส่ซีอิ๊วดำ,42071
K129,กับข้าวผัดผักบุ้งหมูชิ้น,41512,OPT-0004A,ลดเค็ม,42068
K129,กับข้าวผัดผักบุ้งหมูชิ้น,41512,OPT-0004B,ไม่กระเทียม,42069
K129,กับข้าวผัดผักบุ้งหมูชิ้น,41512,OPT-0004C,ไม่ใส่น้ำตาล,42070
K129,กับข้าวผัดผักบุ้งหมูชิ้น,41512,OPT-0004D,ไม่ใส่ซีอิ๊วดำ,42071
K146,เนื้อโคขุน (50g.) Add-on,41529,OPT-0010A,เนื้อมีเดียม,42078
K146,เนื้อโคขุน (50g.) Add-on,41529,OPT-0010B,เนื้อสุกเวลดัน,42079
K150,ข้าวกะเพราหมูกรอบ,41532,OPT-0004A,ลดเค็ม,42068
K150,ข้าวกะเพราหมูกรอบ,41532,OPT-0004B,ไม่กระเทียม,42069
K150,ข้าวกะเพราหมูกรอบ,41532,OPT-0004C,ไม่ใส่น้ำตาล,42070
K150,ข้าวกะเพราหมูกรอบ,41532,OPT-0004D,ไม่ใส่ซีอิ๊วดำ,42071
K150,ข้าวกะเพราหมูกรอบ,41532,OPT-0005A,ไข่ดาวไม่สุก,42168
K150,ข้าวกะเพราหมูกรอบ,41532,OPT-0005B,ไข่ดาวสุก,42169
K150,ข้าวกะเพราหมูกรอบ,41532,OPT-0005C,ไข่ดาวสุกกรอบ,42072
K150,ข้าวกะเพราหมูกรอบ,41532,OPT-0006D,ข้าวน้อย,42075
K150,ข้าวกะเพราหมูกรอบ,41532,OPT-0007A,ไม่ใส่กะเพรา,42076
